{
  "IcoMoonType": "selection",
  "icons": [
    {
      "icon": {
        "paths": [
          "M91.072 1007.856c4.877 4.875 12.784 4.875 17.661 0l79.472-79.472c4.877-4.878 4.877-12.785 0-17.66-4.877-4.878-12.784-4.878-17.661 0l-70.642 70.641-70.642-70.641c-4.877-4.878-12.784-4.878-17.66 0-4.877 4.875-4.877 12.783 0 17.66l79.472 79.472zM87.415 0v999.024h24.976v-999.024l-24.976 0z"
        ],
        "attrs": [
          {
            "fill": "rgb(255, 255, 255)"
          }
        ],
        "width": 200,
        "isMulticolor": false,
        "isMulticolor2": false,
        "grid": 0,
        "tags": [
          "hero-arrow"
        ]
      },
      "attrs": [
        {
          "fill": "rgb(255, 255, 255)"
        }
      ],
      "properties": {
        "order": 15,
        "id": 0,
        "name": "hero-arrow",
        "prevSize": 32
      },
      "setIdx": 0,
      "setId": 4,
      "iconIdx": 0
    }
  ],
  "height": 1024,
  "preferences": {
    "showGlyphs": true,
    "showQuickUse": true,
    "showQuickUse2": true,
    "showSVGs": true,
    "fontPref": {
      "prefix": "icon-",
      "metadata": {
        "fontFamily": "icomoon"
      },
      "metrics": {
        "emSize": 1024,
        "baseline": 6.25,
        "whitespace": 50
      },
      "embed": false
    },
    "imagePref": {
      "prefix": "icon-",
      "png": true,
      "useClassSelector": false,
      "color": 0,
      "bgColor": 16777215,
      "classSelector": ".icon",
      "name": "icomoon",
      "height": 32,
      "columns": 16,
      "margin": 16
    },
    "historySize": 50,
    "showCodes": true,
    "gridSize": 16,
    "showGrid": false
  }
}